device_id,type,os
ZYQWYMXD,mobile,ios
ZK9C8O10,mobile,ios
S9WEZQY4,mobile,ios
9TD8ST9Q,laptop,linux
G6XNIOPX,mobile,android
NDDIBJFK,laptop,linux
RZK8W4IZ,mobile,ios
J7EI9W4M,mobile,android
UBVNBASQ,laptop,macos
ZLPAWOXD,mobile,ios
U8QRV360,laptop,linux
J3PU1J34,desktop,linux
AP6F8BGA,mobile,ios
GBBRBASM,mobile,ios
J2HGK1VQ,mobile,android
1LBOGTBM,mobile,android
6U6ST375,laptop,linux
KTRCIG0X,desktop,macos
MB7VD3K7,desktop,macos
7P1UGJI5,,
Q78Y4VPY,mobile,android
9XZRTDER,desktop,linux
0HIGEM04,desktop,linux
4OMNCVBV,laptop,windows
0LOR5EGC,mobile,ios
1ZG41OS2,laptop,macos
OZTRP09Z,mobile,ios
GMJO11AM,mobile,ios
GY0TWQR0,laptop,linux
P0OPN5TI,mobile,ios
5CT7W8E7,,
AL0PN3WJ,laptop,macos
JCL4J28S,laptop,windows
2J3I623B,desktop,macos
IIID0Y3E,mobile,ios
Y6J3LOES,laptop,windows
6HAJ8EG9,,
WKJS31AW,mobile,ios
88UCW3KQ,mobile,
HZQZPYGK,laptop,linux
HD4L1UAA,laptop,linux
1210I2QD,desktop,windows
X3ZUP7ZF,mobile,android
8KDJMJLP,,
O0CHGMJ6,laptop,linux
J33VWOBA,laptop,linux
IXOR4DX0,mobile,android
YJ9TPTPE,mobile,android
TDSENWBE,mobile,ios
IZ5GK15Y,laptop,macos
ECQM5JQW,mobile,android
0SMYC424,mobile,ios
D0L7R6L2,laptop,macos
E0V1U2JX,mobile,android
PZE2R4PL,mobile,
EZBVSAGJ,laptop,windows
3J02CIFF,mobile,android
D4PUQEZY,mobile,ios
PZ53SG2O,mobile,ios
D2SMFGHN,laptop,linux
3L46L4AB,mobile,android
7ZGI789G,mobile,android
H60PVDEO,desktop,linux
TWUNE96N,mobile,android
6IAZLSZO,laptop,linux
5H5M3BBT,desktop,linux
1FCNBA2Z,mobile,ios
ZMJTQ0EO,laptop,linux
MB04WJKD,laptop,macos
3V7ZPTXP,mobile,ios
E9AUT500,laptop,
BJRMCWAH,mobile,ios
EXABNTL0,mobile,android
WC7GWO5D,mobile,ios
H9071LLX,laptop,
ZUHHUSAZ,mobile,android
BIGG6NYK,mobile,ios
6A3YTS30,desktop,windows
EFOAHK4A,mobile,android
2550RW0I,laptop,linux
XO6MHGB1,mobile,ios
Q4Z6UQLY,laptop,macos
RZ3V1M0I,laptop,windows
LIKCVTLT,mobile,ios
SDO1WX63,desktop,linux
XEQQIHDO,laptop,windows
AR6QJFW5,mobile,ios
70TIT21D,mobile,ios
MSFF1L9G,laptop,
5BUAT9EZ,laptop,macos
E3WQJOTX,laptop,windows
3QYOEPFX,mobile,android
GGSR0VAF,mobile,ios
RGYD5TD8,desktop,windows
EA4W6VWX,desktop,macos
CSQOLCTP,laptop,windows
Z39WU1E7,mobile,android
Z2GD5RWJ,mobile,android
5R6TR9U0,desktop,macos
I3PDZC5O,laptop,windows
EW23CRYO,laptop,linux
D46UH4R2,mobile,ios
2R6AERBR,mobile,android
HT2E5RVO,desktop,macos
SZQ9KQUZ,desktop,windows
H2C1FZ9H,mobile,ios
1OT10ZLE,,
24G2YODS,,
N1D9HJBP,desktop,linux
80259MI1,mobile,android
UG4MKI8Z,desktop,windows
BOADFW45,laptop,windows
1QZ1ZH08,desktop,windows
S751WG4E,mobile,ios
PMQ5AKIS,laptop,linux
OFUX6RPQ,mobile,android
U2CIGLA4,desktop,windows
PKVNYJE9,mobile,ios
4W7KX3SP,desktop,windows
ER03Y1BN,laptop,windows
OCPDT4W4,mobile,android
KP25CDVU,mobile,android
A9OD6XI3,desktop,windows
GH1SJOXR,desktop,linux
VX7LNG3J,desktop,linux
236DLVD0,mobile,ios
B37GFDBU,laptop,macos
KO0FLOZ6,,
OCRSLI0V,mobile,android
8YJEL7X0,mobile,android
844QAO53,laptop,windows
ZYWGH9BV,mobile,ios
XNTDSOZP,mobile,ios
UCL3C8NM,mobile,
KUH1L8K7,laptop,windows
1NWP4TC8,laptop,linux
1H1SNJZ5,mobile,ios
96G78ZM9,desktop,windows
NX8J4D6Y,laptop,macos
6FZNIFGS,laptop,windows
I2UP8LI8,mobile,android
D7S13VZN,laptop,windows
AUOY1Z3P,desktop,windows
D1MUPRVS,laptop,windows
7ZY2LYQF,mobile,ios
SO3DQ7GQ,mobile,android
H75SUAOW,mobile,ios
B4IGYHMK,laptop,linux
QH2NSQ1R,mobile,android
7OYEV0Y7,desktop,linux
E37Y95XG,mobile,ios
0YUDLGB7,laptop,macos
278SYWF0,mobile,ios
7C4B8IV7,mobile,android
I2KXGM64,mobile,android
JWF873RR,mobile,android
P8ODJKAR,mobile,android
GNTJ2NXR,mobile,ios
3YVXQ6KR,mobile,android
2NXWOTLL,mobile,
QSY88WRO,laptop,
SKKMQEQX,desktop,macos
QLPRBRQ1,laptop,
WOHMR6TF,,
TS7R5YXK,mobile,android
R386ZICE,mobile,ios
6UTQLW44,laptop,windows
EZR5IL4C,laptop,linux
CCLY41I6,,
PR2YKDUF,laptop,macos
UCWJZBUU,laptop,macos
ZUVELBLD,mobile,android
SW0E0OHL,desktop,macos
RGGEVAXX,mobile,android
UTO0BZ00,mobile,ios
VWB6C2P8,mobile,ios
JDJN4UHT,mobile,ios
0TU3CIH2,desktop,macos
X7FNJTYL,mobile,ios
DCZV0F4Z,laptop,
X7C2SNEK,laptop,linux
5A3F8MKG,laptop,windows
4FPEH3LB,desktop,windows
6X3HO1L1,laptop,macos
QUISU31M,laptop,macos
C1Q4Q00G,mobile,android
V21R6NKR,mobile,ios
RPEPNA1K,,
ACFBQZEQ,mobile,android
CIRFIS13,desktop,
PYTK2UDM,laptop,windows
JSRTFFQC,mobile,android
DEWJDOKX,mobile,ios
6JCXNTBN,laptop,windows
GHFKEYIR,mobile,android
8EXLEX3M,mobile,
9K6ULOTC,mobile,ios
WPVE79UX,,
UXFP6UBF,mobile,ios
RUKZI59G,mobile,android
R5809JN8,desktop,windows
5SIHZC64,mobile,ios
NJJC90WA,mobile,
Z171EXLX,mobile,android
0SIJXAMM,laptop,linux
MYUTBNH3,laptop,macos
H8YOGIB8,desktop,windows
0165X88H,mobile,ios
Q29X8CPR,laptop,windows
4J1UMNLQ,laptop,
HQKKY23D,desktop,macos
L4B3IODC,laptop,macos
4YLYJ1ZP,laptop,linux
H3HZJWN6,,
K8HU9KAY,mobile,ios
CS4P11CV,mobile,
NQ2BUX9C,desktop,windows
1QBYFJBR,mobile,ios
RICIG0D5,mobile,android
RU3MXKM1,mobile,android
DCPTKDQX,mobile,ios
WSCQ5IEI,mobile,ios
2EPJR11S,mobile,android
2F494JGU,desktop,windows
6QEGM4LP,,
4B09HJEB,desktop,linux
Q2W9IYYB,desktop,windows
N4DFBHQC,laptop,windows
NMO45HRV,mobile,ios
NDDZYFCI,mobile,ios
Z21C3LUO,mobile,android
0QH2FI2S,laptop,linux
Q2GCYWO9,desktop,windows
MRFLNVND,mobile,android
1WZBIDH7,mobile,android
YE6NPLSR,laptop,macos
3NBW4D42,mobile,android
NHZIIN3U,laptop,macos
85XH9GV8,laptop,macos
CZB2Z0FR,laptop,macos
GREOAX5G,laptop,windows
ZNBY1SKQ,laptop,macos
KD6BA80T,laptop,windows
HXEDNN78,laptop,windows
R1OVYJ37,desktop,macos
5I24DIYB,laptop,macos
UBVILF6L,mobile,ios
PTBMAELD,laptop,
NFREB0NR,laptop,macos
PRV3DQFB,,
6TSYGI53,mobile,android
QMQS15ZG,laptop,windows
U330X50V,mobile,ios
MKBO7O57,laptop,linux
ZIGGG1E3,mobile,android
6PF6RXRI,laptop,windows
YF9ETCN5,laptop,macos
K9F7RF23,laptop,linux
TMGZRCMO,desktop,windows
XJHX8OG3,laptop,windows
UKKMXA5T,mobile,ios
ITAJFAWX,laptop,windows
WUXQE04L,laptop,macos
74Y76I8S,mobile,ios
GAGBUHSF,desktop,linux
816Y4KWK,mobile,ios
A7GDK81K,laptop,linux
BVTXOD49,laptop,linux
HL3HAB79,mobile,ios
HC4HQ5IU,desktop,linux
V1661RYA,laptop,linux
E5K5Q09U,desktop,macos
XZT31R7R,,
30MACZK8,mobile,android
NSFP1FOK,laptop,macos
RMI5JFKI,desktop,macos
MVXHLTW6,laptop,windows
YV6X2PLW,desktop,windows
4VJ7K3VZ,desktop,windows
W3DPM1OH,mobile,android
CYSVR7XJ,mobile,ios
LZABX4RW,desktop,macos
QHFC0AWW,mobile,android
3SHRYFFC,desktop,windows
IPG5I10P,mobile,ios
0SPD510W,laptop,macos
IIVE4087,mobile,ios
ZBXLITIT,laptop,macos
SEC9KJCA,laptop,
BUR7LG9B,mobile,ios
ONSI21NV,laptop,linux
IAQCQYI4,mobile,ios
TQ5A37Y4,mobile,ios
LRMQU9YJ,mobile,ios
7SR1KDJN,mobile,ios
CTUZWINU,mobile,android
1RFUZUAV,laptop,windows
D3R7X2K0,mobile,ios
WRAYO5PC,mobile,android
2I3LHNON,laptop,macos
TT1HBFH1,mobile,android
OR4TQHCA,laptop,linux
5H6TO4WS,mobile,android
9XJ9DHM2,laptop,macos
8E3UTLU1,mobile,android
TH0QB60L,mobile,ios
FPSQEIBX,,
DDZCN09W,mobile,ios
UCOBB16H,mobile,ios
TT4FGV6P,mobile,
4DBBEFBM,laptop,linux
K0YC4IN8,mobile,ios
GWVSL7CE,desktop,linux
FZ3KR49W,laptop,windows
69NQZFHD,laptop,linux
HEHSP80C,laptop,macos
UTRCX7JO,desktop,macos
GD3IQ9TI,laptop,linux
VBSYAWT0,desktop,windows
AZLAIOA0,mobile,ios
WD81VILL,laptop,macos
C3I0DZG5,mobile,ios
1YCSOOVT,mobile,android
33P01YJT,laptop,windows
L9DNGHZT,laptop,linux
R7ONR661,laptop,windows
L8S3T3YG,laptop,macos
E9V6UD27,mobile,ios
G45ZIYEO,mobile,ios
B8NIP7K8,laptop,linux
BPRHMI2E,desktop,linux
SOGYNCAV,laptop,windows
0W0QN9JJ,mobile,ios
6W4XLH7S,laptop,macos
0ZJ83QIC,desktop,linux
1FI8MY7T,desktop,linux
8H3YLJ8O,mobile,ios
LQ78VJYH,mobile,android
VLI5RE81,mobile,ios
H7KJN3LR,laptop,windows
1EXXCKQ6,laptop,macos
XL8EJ9CP,mobile,ios
P7YZVXTE,mobile,ios
AWQ8DHDP,,
2LWKVCOQ,mobile,android
JWAOK2ZO,laptop,linux
5EYLCOLW,mobile,ios
3H7P9ZR7,mobile,
1U4D3WFU,mobile,android
AKZ3X7E6,mobile,android
WI8Z2SKX,laptop,linux
81P8BZD0,desktop,macos
NMN6OFUP,desktop,macos
FXCZWT1B,laptop,windows
8IT0TKI3,mobile,android
BUOLH46C,laptop,windows
2WREP92O,desktop,linux
7WZF4HXP,mobile,android
GSVXTC3F,mobile,android
0QEQ6TDZ,laptop,linux
J0Y88A7E,mobile,android
JG5PKDPD,,
YRUG9QSP,mobile,android
0XAVCJYY,,
4YCZD559,laptop,macos
FXC2I6ZR,laptop,linux
BWHHGZ9T,mobile,ios
AG38FRX8,mobile,android
3F3YRTWE,mobile,android
YBTW0K8C,mobile,ios
IIQWDMJX,laptop,macos
80525LUE,mobile,ios
LEQLJOBW,mobile,android
2M2VR4W9,desktop,windows
FADB4KCC,mobile,
LBB2AQZB,laptop,windows
EOS3M98Z,mobile,
V5JKQ1PZ,mobile,ios
0WBJUOW6,laptop,windows
TD6RMFUY,laptop,windows
5LPIKVB0,mobile,android
NFDHYXC5,laptop,linux
41O00ENG,mobile,android
MBD3ZO7T,mobile,ios
HUGYRE5M,desktop,linux
BZS1ICME,desktop,linux
1HR1BPRW,mobile,ios
E6J4N7B1,laptop,windows
JSRR1NWB,desktop,linux
0Q4FUO3W,mobile,android
T3S9MS43,,
DQIJNXMT,desktop,macos
HAHCJHT5,laptop,macos
7MO04SYB,mobile,android
7QFRO84G,laptop,macos
CD1P3RYR,laptop,windows
HBXYDOYE,mobile,android
0YP7XQLI,laptop,windows
FOOR5M3Q,laptop,linux
15J8L1IC,mobile,ios
U9KRTH9C,mobile,android
DF9WOFZC,laptop,macos
UKEFSVLH,mobile,android
R27NEGHB,desktop,
W0B91KCY,laptop,macos
V1ARQS6Y,mobile,android
TPKZBSN3,mobile,android
84GFYPLT,mobile,android
VIBMY6FI,mobile,android
HNG4BSB7,laptop,windows
1EB7ZL32,,
QBIVHYX3,mobile,android
0FZYY1J8,desktop,linux
IYDBYVOT,laptop,linux
DS2NV382,laptop,linux
8VUM4Q1B,laptop,macos
AG7PZ9H4,laptop,windows
6NQ34K13,mobile,ios
FX1BH4B7,mobile,ios
NN09W8BX,mobile,
WWPJW2Z4,mobile,
SRCXMF8Q,desktop,windows
AVRSIEX9,desktop,windows
AWD1DXZ1,mobile,android
VP41RY9P,laptop,linux
3Y656B7N,laptop,linux
YHOJ416D,mobile,ios
0LEZ2Q9N,mobile,ios
QOH4YSKX,mobile,
1S8IC7XD,laptop,macos
LDS1G9MI,laptop,macos
TNVVS32K,mobile,ios
23EGZQY8,mobile,android
5GITSHGZ,mobile,android
4LMI15RB,mobile,ios
6L0RK1JG,desktop,macos
GBDNPUPZ,mobile,android
LQW9RQ4U,,
L9Z1SL41,mobile,ios
Y6S27LUQ,laptop,windows
2UPEC385,,
O9TEOCS5,,
IWY6JXC5,laptop,
GW66FCWU,mobile,android
LEZRP8KV,desktop,linux
AZLQGPDZ,laptop,macos
QI0I27C7,desktop,macos
SXGO990V,laptop,windows
OHTV7HQH,desktop,macos
LA81TQKR,laptop,
TPYGJ7MC,mobile,ios
X3PTCZOB,laptop,
VD03NNZ8,laptop,macos
ZAE8W4RX,desktop,windows
560TFUFW,mobile,android
46GL51SL,laptop,macos
22QA6YWH,desktop,macos
4OKT0NMW,mobile,android
TOWGF1ZG,,
22WO5NVG,desktop,windows
FSEXQ0MA,laptop,macos
9542AXDP,mobile,ios
2M6JFOSS,mobile,ios
T2AWKBCB,desktop,windows
IPC1IHVG,mobile,ios
1WV7LQLZ,mobile,android
0JS8X895,desktop,
5KBDJWAG,laptop,windows
SB6GL3Y2,mobile,ios
EQSVLAXJ,,
4JM9WQ7M,laptop,windows
RKAO793B,mobile,
0E8OV09X,mobile,android
FD9L31BB,laptop,windows
IMT5WVW2,mobile,android
03YBO6OP,mobile,android
3JI68T7C,mobile,ios
FC3235MM,mobile,android
HVGLMTXB,mobile,android
HIV7S7CZ,laptop,linux
55JH7KC5,mobile,ios
RR9YORQ4,mobile,android
1EUEPO1K,laptop,
Z46ZU0HF,laptop,windows
6KPF24F0,laptop,linux
TN586AJT,mobile,ios
9G76R2BB,mobile,ios
I7WFAR8F,laptop,macos
KQAW6Z7H,,
WQLPGF72,mobile,android
Q0Q44NWV,mobile,
VXTZITZK,desktop,linux
D1E0Q8I1,desktop,macos
FZH4XVYM,mobile,android
TX6ED62L,desktop,macos
PU15H26P,,
67T3OSTK,mobile,ios
SE8JDV2U,mobile,ios
QL0K4K32,mobile,ios
U9JBH6Z6,mobile,ios
